threshold,precision,recall,f1,f2
0.1,0.16012084592145015,0.9851301115241635,0.27546777546777546,0.4851702673013548
0.11,0.16825396825396827,0.9851301115241635,0.2874186550976139,0.49981139192757457
0.12,0.17445687952600394,0.9851301115241635,0.29642058165548096,0.5105973025048169
0.13,0.17891156462585034,0.9776951672862454,0.3024726854514089,0.516496465043205
0.13999999999999999,0.18812589413447783,0.9776951672862454,0.3155368926214757,0.5315278900565886
0.14999999999999997,0.19465081723625557,0.9739776951672863,0.32445820433436534,0.5408753096614368
0.15999999999999998,0.20436817472698907,0.9739776951672863,0.33784655061250807,0.5555555555555556
0.16999999999999998,0.21224489795918366,0.966542750929368,0.34805890227576974,0.5649717514124293
0.17999999999999997,0.2180896027049873,0.9591078066914498,0.35537190082644626,0.5710491367861885
0.18999999999999995,0.22594880847308033,0.9516728624535316,0.3651925820256776,0.5794477138976913
0.19999999999999996,0.2350230414746544,0.9479553903345725,0.3766617429837518,0.5900046274872746
0.20999999999999996,0.24661508704061896,0.9479553903345725,0.3914044512663085,0.6042654028436019
0.21999999999999995,0.256797583081571,0.9479553903345725,0.4041204437400951,0.6162397293378443
0.22999999999999995,0.2661795407098121,0.9479553903345725,0.4156479217603912,0.6268436578171093
0.23999999999999994,0.27380952380952384,0.9405204460966543,0.42414082145850796,0.6325
0.24999999999999992,0.282312925170068,0.9256505576208178,0.4326672458731538,0.6358529111338099
0.2599999999999999,0.28823529411764703,0.9107806691449815,0.43789097408400357,0.6360332294911734
0.2699999999999999,0.29802955665024633,0.8996282527881041,0.4477335800185014,0.6408898305084747
0.2799999999999999,0.30937098844672656,0.895910780669145,0.4599236641221374,0.6495956873315364
0.2899999999999999,0.3151595744680851,0.8810408921933085,0.4642507345739471,0.6482494529540481
0.29999999999999993,0.3254847645429363,0.8736059479553904,0.47426841574167505,0.6535038932146829
0.30999999999999994,0.3357348703170029,0.8661710037174721,0.48390446521287644,0.6581920903954802
0.3199999999999999,0.34077380952380953,0.8513011152416357,0.4867162592986185,0.6550343249427918
0.32999999999999985,0.35038759689922483,0.8401486988847584,0.49452954048140046,0.6565950029052875
0.33999999999999986,0.35313001605136435,0.8178438661710037,0.49327354260089684,0.6474396703943497
0.34999999999999987,0.36209813874788493,0.7955390334572491,0.49767441860465117,0.641871625674865
0.3599999999999999,0.37544483985765126,0.7843866171003717,0.5078219013237064,0.6440781440781442
0.3699999999999999,0.3877551020408163,0.7769516728624535,0.5173267326732673,0.6470588235294118
0.3799999999999999,0.3984526112185687,0.7657992565055762,0.5241730279898219,0.6465787821720025
0.3899999999999999,0.4084507042253521,0.7546468401486989,0.5300261096605744,0.6452638270820088
0.3999999999999998,0.4170124481327801,0.7472118959107806,0.5352862849533955,0.6450577663671374
0.4099999999999998,0.4314159292035398,0.724907063197026,0.5409153952843273,0.6380890052356021
0.4199999999999998,0.43953488372093025,0.7026022304832714,0.5407725321888412,0.6274900398406374
0.4299999999999998,0.45169082125603865,0.6951672862453532,0.5475841874084919,0.6275167785234899
0.43999999999999984,0.454320987654321,0.6840148698884758,0.5459940652818991,0.6212018906144496
0.44999999999999984,0.46153846153846156,0.6691449814126395,0.5462822458270106,0.6139154160982265
0.45999999999999985,0.46437994722955145,0.654275092936803,0.5432098765432098,0.604810996563574
0.46999999999999986,0.47411444141689374,0.6468401486988847,0.5471698113207547,0.6029106029106029
0.47999999999999976,0.4748603351955307,0.6319702602230484,0.5422647527910686,0.5927475592747559
0.48999999999999977,0.47230320699708456,0.6022304832713755,0.5294117647058824,0.5708245243128964
0.4999999999999998,0.48484848484848486,0.5947955390334573,0.5342237061769616,0.5689900426742532
0.5099999999999998,0.4967948717948718,0.5762081784386617,0.5335628227194492,0.55835734870317
0.5199999999999998,0.5170068027210885,0.5650557620817844,0.5399644760213144,0.5547445255474454
0.5299999999999998,0.5373665480427047,0.5613382899628253,0.5490909090909091,0.5563743551952837
0.5399999999999998,0.5276752767527675,0.5315985130111525,0.5296296296296297,0.5308092056421678
0.5499999999999998,0.5490196078431373,0.5204460966542751,0.5343511450381679,0.5259203606311045
0.5599999999999997,0.5679012345679012,0.5130111524163569,0.5390625,0.5231235784685367
0.5699999999999997,0.5818965517241379,0.5018587360594795,0.5389221556886228,0.5160550458715596
0.5799999999999997,0.5955555555555555,0.49814126394052044,0.5425101214574899,0.5149884704073788
0.5899999999999997,0.616822429906542,0.49070631970260226,0.546583850931677,0.5116279069767442
0.5999999999999998,0.6305418719211823,0.4758364312267658,0.5423728813559322,0.5003909304143862
0.6099999999999998,0.634020618556701,0.45724907063197023,0.531317494600432,0.484251968503937
0.6199999999999998,0.6373626373626373,0.4312267657992565,0.5144124168514412,0.4610492845786963
0.6299999999999997,0.6285714285714286,0.40892193308550184,0.4954954954954955,0.4396482813749001
0.6399999999999997,0.6363636363636364,0.3903345724907063,0.4838709677419355,0.42304593070104757
0.6499999999999997,0.6442953020134228,0.35687732342007433,0.45933014354066987,0.3918367346938776
0.6599999999999997,0.6642857142857143,0.34572490706319703,0.4547677261613692,0.3824013157894737
0.6699999999999997,0.6666666666666666,0.31970260223048325,0.4321608040201005,0.3568464730290456
0.6799999999999997,0.6869565217391305,0.2936802973977695,0.4114583333333333,0.33165407220822835
0.6899999999999997,0.6880733944954128,0.2788104089219331,0.3968253968253968,0.31645569620253167
0.6999999999999996,0.6868686868686869,0.2527881040892193,0.3695652173913043,0.28936170212765955
0.7099999999999996,0.6881720430107527,0.2379182156133829,0.35359116022099446,0.2737382378100941
0.7199999999999996,0.6829268292682927,0.20817843866171004,0.3190883190883191,0.24179620034542312
0.7299999999999996,0.7222222222222222,0.19330855018587362,0.30498533724340177,0.22648083623693382
0.7399999999999997,0.7741935483870968,0.17843866171003717,0.29003021148036257,0.21089630931458697
0.7499999999999997,0.7758620689655172,0.16728624535315986,0.27522935779816515,0.19841269841269846
0.7599999999999997,0.8235294117647058,0.15613382899628253,0.2625,0.18633540372670807
0.7699999999999997,0.813953488372093,0.13011152416356878,0.22435897435897437,0.15638963360142985
0.7799999999999997,0.7647058823529411,0.09665427509293681,0.1716171617161716,0.11711711711711711
0.7899999999999996,0.7241379310344828,0.07806691449814127,0.14093959731543623,0.09502262443438914
0.7999999999999996,0.7083333333333334,0.06319702602230483,0.11604095563139932,0.07727272727272727
0.8099999999999996,0.7142857142857143,0.055762081784386616,0.10344827586206896,0.06836827711941659
0.8199999999999996,0.6875,0.040892193308550186,0.07719298245614035,0.05036630036630037
0.8299999999999996,0.8181818181818182,0.03345724907063197,0.06428571428571428,0.04139834406623734
0.8399999999999996,0.75,0.022304832713754646,0.04332129963898917,0.027675276752767528
0.8499999999999996,0.75,0.011152416356877323,0.02197802197802198,0.013888888888888886
0.8599999999999995,0.6666666666666666,0.007434944237918215,0.014705882352941176,0.009267840593141799
0.8699999999999996,0.6666666666666666,0.007434944237918215,0.014705882352941176,0.009267840593141799
0.8799999999999996,1.0,0.0037174721189591076,0.007407407407407408,0.004642525533890436
0.8899999999999996,1.0,0.0037174721189591076,0.007407407407407408,0.004642525533890436
0.8999999999999996,0.0,0.0,0.0,0.0
