feature,mean_abs_shap
debt_to_equity,0.15701183899729926
lead_time_variability,0.06720158870016298
data_breaches,0.043412983536865325
compliance_score,0.033856015185314906
regulatory_violations,0.031589434656742764
country_risk_score,0.027360822673447943
profit_margin,0.027054547668705686
revenue_growth,0.02416826938832864
delivery_delay_rate,0.023941303844814424
security_score,0.018780181910575594
cash_flow_ratio,0.017075392727747614
security_incidents,0.014655368281508683
geopolitical_exposure,0.01398588875877378
sentiment_score,0.012660018339720988
defect_rate,0.010550975213871681
capacity_utilization,0.007227022598092554
negative_news_count,0.007084140476126157
customer_complaints,0.005869882312694086
certification_count,0.003572942403379267
