feature,feature_value,shap_value,absolute_shap
debt_to_equity,1.6729358437189403,-0.1268728020806374,0.1268728020806374
security_score,100.0,-0.06056938815349,0.06056938815349
lead_time_variability,6.149139563969758,-0.05999547367803293,0.05999547367803293
compliance_score,61.95873418937991,0.04188895573982982,0.04188895573982982
data_breaches,0.0,-0.03486117281448731,0.03486117281448731
delivery_delay_rate,0.0554678218543058,-0.03388242260406156,0.03388242260406156
geopolitical_exposure,0.1001948387446432,-0.031683943339135004,0.031683943339135004
revenue_growth,0.1165660495705317,-0.028818277500465474,0.028818277500465474
profit_margin,-0.0126560518879262,0.023203878161078193,0.023203878161078193
regulatory_violations,1.0,-0.01443493726761208,0.01443493726761208
sentiment_score,-0.2822225838401337,0.012349863376980656,0.012349863376980656
security_incidents,1.0,-0.009094881856517217,0.009094881856517217
country_risk_score,42.92776772010762,0.00893428450370075,0.00893428450370075
capacity_utilization,0.7961279083705857,-0.007961221397632463,0.007961221397632463
negative_news_count,4.0,0.0040348813005574476,0.0040348813005574476
cash_flow_ratio,0.8460003358464814,0.0031579877157222823,0.0031579877157222823
certification_count,2.0,-0.001258073226942821,0.001258073226942821
defect_rate,0.0764675973216587,-0.00014967727554768368,0.00014967727554768368
customer_complaints,10.0,-0.00014484876341476916,0.00014484876341476916
