date,natural_gas_us,aluminum,copper,nickel,zinc
1960-01-01,0.14,511.0,715.0,1631.0,261.0
1960-02-01,0.14,511.0,728.0,1631.0,245.0
1960-03-01,0.14,511.0,685.0,1631.0,249.0
1960-04-01,0.14,511.0,723.0,1631.0,255.0
1960-05-01,0.14,511.0,685.0,1631.0,254.0
1960-06-01,0.14,511.0,692.0,1631.0,250.0
1960-07-01,0.14,511.0,702.0,1631.0,249.0
1960-08-01,0.14,511.0,676.0,1631.0,241.0
1960-09-01,0.14,511.0,647.0,1631.0,240.0
1960-10-01,0.14,511.0,613.0,1631.0,242.0
1960-11-01,0.14,511.0,642.0,1631.0,241.0
1960-12-01,0.14,511.0,637.0,1631.0,228.0
1961-01-01,0.15,511.0,607.0,1711.0,218.0
1961-02-01,0.15,511.0,617.0,1711.0,228.0
1961-03-01,0.15,511.0,621.0,1711.0,233.0
1961-04-01,0.15,511.0,632.0,1711.0,231.0
1961-05-01,0.15,511.0,668.0,1711.0,227.0
1961-06-01,0.15,511.0,652.0,1711.0,218.0
1961-07-01,0.15,511.0,633.0,1711.0,215.0
1961-08-01,0.15,511.0,636.0,1711.0,211.0
1961-09-01,0.15,511.0,633.0,1711.0,204.0
1961-10-01,0.15,511.0,630.0,1711.0,198.0
1961-11-01,0.15,511.0,632.0,1711.0,192.0
1961-12-01,0.15,511.0,635.0,1711.0,197.0
1962-01-01,0.16,511.0,635.0,1761.0,194.0
1962-02-01,0.16,505.0,648.0,1761.0,190.0
1962-03-01,0.16,496.0,648.0,1761.0,191.0
1962-04-01,0.16,496.0,646.0,1761.0,191.0
1962-05-01,0.16,496.0,646.0,1761.0,189.0
1962-06-01,0.16,496.0,646.0,1761.0,185.0
1962-07-01,0.16,496.0,646.0,1761.0,182.0
1962-08-01,0.16,496.0,646.0,1761.0,178.0
1962-09-01,0.16,496.0,646.0,1761.0,177.0
1962-10-01,0.16,496.0,646.0,1761.0,182.0
1962-11-01,0.16,496.0,646.0,1761.0,189.0
1962-12-01,0.16,496.0,646.0,1761.0,185.0
1963-01-01,0.16,496.0,646.0,1741.0,186.0
1963-02-01,0.16,496.0,646.0,1742.0,192.0
1963-03-01,0.16,496.0,646.0,1742.0,198.0
1963-04-01,0.16,496.0,646.0,1741.0,204.0
1963-05-01,0.16,496.0,646.0,1742.0,209.0
1963-06-01,0.16,496.0,646.0,1742.0,209.0
1963-07-01,0.16,496.0,646.0,1741.0,205.0
1963-08-01,0.16,496.0,646.0,1742.0,210.0
1963-09-01,0.16,496.0,646.0,1742.0,211.0
1963-10-01,0.16,507.0,646.0,1741.0,221.0
1963-11-01,0.16,507.0,646.0,1742.0,232.0
1963-12-01,0.16,507.0,650.0,1742.0,261.0
1964-01-01,0.15,507.0,656.0,1741.0,264.0
1964-02-01,0.15,507.0,694.0,1742.0,271.0
1964-03-01,0.15,525.0,745.0,1742.0,277.0
1964-04-01,0.15,529.0,862.0,1741.0,299.0
1964-05-01,0.15,529.0,828.0,1742.0,343.0
1964-06-01,0.15,529.0,808.0,1742.0,357.0
1964-07-01,0.15,529.0,855.0,1741.0,385.0
1964-08-01,0.15,529.0,999.0,1742.0,345.0
1964-09-01,0.15,529.0,1162.0,1742.0,355.0
1964-10-01,0.15,529.0,1358.0,1741.0,334.0
1964-11-01,0.15,529.0,1400.0,1742.0,345.0
1964-12-01,0.15,540.0,1269.0,1742.0,343.0
1965-01-01,0.16,540.0,1001.0,1735.0,322.0
1965-02-01,0.16,540.0,1180.0,1735.0,320.0
1965-03-01,0.16,540.0,1237.0,1735.0,316.0
1965-04-01,0.16,540.0,1348.0,1735.0,316.0
1965-05-01,0.16,540.0,1379.0,1735.0,323.0
1965-06-01,0.16,540.0,1309.0,1735.0,314.0
1965-07-01,0.16,540.0,1134.0,1735.0,310.0
1965-08-01,0.16,540.0,1210.0,1735.0,304.0
1965-09-01,0.16,540.0,1328.0,1735.0,300.0
1965-10-01,0.16,540.0,1402.0,1735.0,308.0
1965-11-01,0.16,540.0,1469.0,1735.0,299.0
1965-12-01,0.16,540.0,1518.0,1735.0,303.0
1966-01-01,0.16,540.0,1679.0,1739.0,303.0
1966-02-01,0.16,540.0,1874.0,1739.0,300.0
1966-03-01,0.16,540.0,1875.0,1739.0,301.0
1966-04-01,0.16,540.0,1907.0,1739.0,279.0
1966-05-01,0.16,540.0,1664.0,1739.0,270.0
1966-06-01,0.16,540.0,1696.0,1739.0,272.0
1966-07-01,0.16,540.0,1568.0,1739.0,265.0
1966-08-01,0.16,540.0,1195.0,1739.0,265.0
1966-09-01,0.16,540.0,1128.0,1739.0,271.0
1966-10-01,0.16,540.0,1275.0,1739.0,276.0
1966-11-01,0.16,540.0,1302.0,1739.0,288.0
1966-12-01,0.16,540.0,1215.0,1739.0,286.0
1967-01-01,0.16,540.0,1244.0,1936.0,280.0
1967-02-01,0.16,540.0,1220.0,1936.0,282.0
1967-03-01,0.16,540.0,1098.0,1936.0,279.0
1967-04-01,0.16,540.0,995.0,1936.0,272.0
1967-05-01,0.16,540.0,1036.0,1936.0,275.0
1967-06-01,0.16,540.0,1015.0,1936.0,274.0
1967-07-01,0.16,540.0,997.0,1936.0,267.0
1967-08-01,0.16,540.0,1045.0,1936.0,269.0
1967-09-01,0.16,540.0,1060.0,1936.0,265.0
1967-10-01,0.16,540.0,1138.0,1936.0,264.0
1967-11-01,0.16,540.0,1444.0,1936.0,287.0
1967-12-01,0.16,540.0,1324.0,1936.0,266.0
1968-01-01,0.16,540.0,1409.0,2075.0,263.0
1968-02-01,0.16,540.0,1720.0,2075.0,260.0
1968-03-01,0.16,540.0,1701.0,2075.0,258.0
1968-04-01,0.16,540.0,1255.0,2075.0,258.0
1968-05-01,0.16,540.0,1097.0,2075.0,262.0
1968-06-01,0.16,562.0,1137.0,2075.0,262.0
1968-07-01,0.16,562.0,1054.0,2075.0,266.0
1968-08-01,0.16,562.0,1056.0,2075.0,269.0
1968-09-01,0.16,562.0,1110.0,2075.0,263.0
1968-10-01,0.16,562.0,1080.0,2075.0,262.0
1968-11-01,0.16,562.0,1100.0,2075.0,264.0
1968-12-01,0.16,562.0,1185.0,2075.0,269.0
1969-01-01,0.17,573.0,1256.0,2363.0,269.0
1969-02-01,0.17,584.0,1285.0,2363.0,267.0
1969-03-01,0.17,584.0,1278.0,2363.0,272.0
1969-04-01,0.17,584.0,1388.0,2363.0,273.0
1969-05-01,0.17,584.0,1392.0,2363.0,279.0
1969-06-01,0.17,584.0,1483.0,2363.0,281.0
1969-07-01,0.17,584.0,1454.0,2363.0,284.0
1969-08-01,0.17,584.0,1607.0,2363.0,294.0
1969-09-01,0.17,584.0,1579.0,2363.0,299.0
1969-10-01,0.17,602.0,1554.0,2363.0,299.0
1969-11-01,0.17,606.0,1631.0,2363.0,310.0
1969-12-01,0.17,606.0,1700.0,2363.0,310.0
1970-01-01,0.17,606.0,1626.0,2846.0,302.0
1970-02-01,0.17,606.0,1657.0,2846.0,298.0
1970-03-01,0.17,606.0,1754.0,2846.0,296.0
1970-04-01,0.17,613.0,1742.0,2846.0,293.0
1970-05-01,0.17,617.0,1598.0,2846.0,292.0
1970-06-01,0.17,617.0,1458.0,2846.0,293.0
1970-07-01,0.17,617.0,1367.0,2846.0,298.0
1970-08-01,0.17,617.0,1267.0,2846.0,298.0
1970-09-01,0.17,617.0,1247.0,2846.0,300.0
1970-10-01,0.17,617.0,1142.0,2846.0,297.0
1970-11-01,0.17,617.0,1085.0,2846.0,293.0
1970-12-01,0.17,617.0,1046.0,2846.0,289.0
1971-01-01,0.18,617.0,1010.0,2932.0,285.0
1971-02-01,0.18,617.0,1020.0,2932.0,272.0
1971-03-01,0.18,617.0,1144.0,2932.0,284.0
1971-04-01,0.18,617.0,1252.0,2932.0,284.0
1971-05-01,0.18,617.0,1114.0,2932.0,288.0
1971-06-01,0.18,617.0,1074.0,2932.0,309.0
1971-07-01,0.18,617.0,1115.0,2932.0,318.0
1971-08-01,0.18,628.0,1098.0,2932.0,323.0
1971-09-01,0.18,639.0,1056.0,2932.0,311.0
1971-10-01,0.18,639.0,1041.0,2932.0,337.0
1971-11-01,0.18,642.0,1014.0,2932.0,344.0
1971-12-01,0.18,666.0,1038.0,2932.0,359.0
1972-01-01,0.19,670.0,1078.0,3080.0,380.0
1972-02-01,0.19,670.0,1112.0,3080.0,390.0
1972-03-01,0.19,670.0,1108.0,3080.0,397.0
1972-04-01,0.19,670.0,1133.0,3080.0,395.0
1972-05-01,0.19,600.0,1106.0,3080.0,386.0
1972-06-01,0.19,567.0,1063.0,3080.0,371.0
1972-07-01,0.19,538.0,1035.0,3080.0,364.0
1972-08-01,0.19,540.0,1047.0,3080.0,364.0
1972-09-01,0.19,538.0,1061.0,3080.0,368.0
1972-10-01,0.19,538.0,918.0,3080.0,364.0
1972-11-01,0.19,540.0,1007.0,3080.0,379.0
1972-12-01,0.19,540.0,1024.0,3080.0,375.0
1973-01-01,0.21,542.0,1119.0,3373.0,387.0
1973-02-01,0.21,558.0,1244.0,3373.0,422.0
1973-03-01,0.21,571.0,1510.0,3373.0,474.0
1973-04-01,0.21,571.0,1588.0,3373.0,513.0
1973-05-01,0.21,582.0,1552.0,3373.0,549.0
1973-06-01,0.21,602.0,1749.0,3373.0,656.0
1973-07-01,0.21,635.0,2021.0,3373.0,842.0
1973-08-01,0.21,619.0,2123.0,3373.0,914.0
1973-09-01,0.21,604.0,1936.0,3373.0,976.0
1973-10-01,0.21,622.0,2065.0,3373.0,1163.0
1973-11-01,0.21,650.0,2273.0,3373.0,1625.0
1973-12-01,0.21,633.0,2244.0,3373.0,1623.0
1974-01-01,0.29,604.0,2032.0,3572.0,1330.0
1974-02-01,0.29,619.0,2292.0,3572.0,1516.0
1974-03-01,0.29,688.0,2743.0,3572.0,1630.0
1974-04-01,0.29,752.0,3032.0,3572.0,1743.0
1974-05-01,0.29,765.0,2876.0,3572.0,1782.0
1974-06-01,0.29,756.0,2440.0,3572.0,1410.0
1974-07-01,0.29,761.0,1919.0,4079.0,1097.0
1974-08-01,0.29,849.0,1803.0,4079.0,1066.0
1974-09-01,0.29,838.0,1461.0,4079.0,911.0
1974-10-01,0.29,844.0,1399.0,4079.0,825.0
1974-11-01,0.29,842.0,1417.0,4079.0,794.0
1974-12-01,0.29,860.0,1289.0,4079.0,771.0
1975-01-01,0.43,895.0,1211.0,4431.0,799.0
1975-02-01,0.43,908.0,1267.0,4431.0,794.0
1975-03-01,0.43,917.0,1344.0,4431.0,803.0
1975-04-01,0.43,897.0,1329.0,4431.0,783.0
1975-05-01,0.43,904.0,1254.0,4431.0,747.0
1975-06-01,0.43,904.0,1193.0,4431.0,751.0
1975-07-01,0.43,864.0,1222.0,4431.0,707.0
1975-08-01,0.43,838.0,1277.0,4431.0,737.0
1975-09-01,0.43,827.0,1210.0,4852.0,724.0
1975-10-01,0.43,816.0,1179.0,4852.0,706.0
1975-11-01,0.43,814.0,1180.0,4852.0,705.0
1975-12-01,0.43,838.0,1151.0,4852.0,686.0
1976-01-01,0.54,853.0,1193.0,4850.0,692.0
1976-02-01,0.54,851.0,1219.0,4850.0,690.0
1976-03-01,0.54,816.0,1329.0,4850.0,728.0
1976-04-01,0.55,820.0,1510.0,4850.0,789.0
1976-05-01,0.55,825.0,1512.0,4850.0,774.0
1976-06-01,0.58,805.0,1550.0,4850.0,750.0
1976-07-01,0.58,904.0,1647.0,4850.0,776.0
1976-08-01,0.6,939.0,1539.0,4850.0,741.0
1976-09-01,0.6,996.0,1459.0,4938.0,712.0
1976-10-01,0.62,948.0,1285.0,5313.0,639.0
1976-11-01,0.63,948.0,1279.0,5313.0,604.0
1976-12-01,0.64,974.0,1287.0,5313.0,642.0
1977-01-01,0.67,1058.0,1396.0,5313.0,692.0
1977-02-01,0.71,1078.0,1426.0,5313.0,703.0
1977-03-01,0.75,1082.0,1515.0,5313.0,719.0
1977-04-01,0.77,1082.0,1429.0,5187.0,655.0
1977-05-01,0.77,1082.0,1371.0,5282.0,611.0
1977-06-01,0.82,1102.0,1312.0,5313.0,542.0
1977-07-01,0.83,1171.0,1248.0,5313.0,542.0
1977-08-01,0.82,1184.0,1160.0,5313.0,520.0
1977-09-01,0.83,1184.0,1195.0,5313.0,518.0
1977-10-01,0.84,1204.0,1210.0,4586.0,511.0
1977-11-01,0.83,1237.0,1182.0,4586.0,525.0
1977-12-01,0.84,1261.0,1261.0,4586.0,538.0
1978-01-01,0.87,1316.0,1261.0,4586.0,518.0
1978-02-01,0.88,1321.0,1217.0,4586.0,478.0
1978-03-01,0.89,1299.0,1254.0,4586.0,507.0
1978-04-01,0.88,1259.0,1285.0,4696.0,553.0
1978-05-01,0.91,1237.0,1303.0,4696.0,562.0
1978-06-01,0.91,1248.0,1333.0,4645.0,578.0
1978-07-01,0.89,1290.0,1337.0,4586.0,584.0
1978-08-01,0.91,1321.0,1426.0,4586.0,618.0
1978-09-01,0.92,1382.0,1442.0,4586.0,634.0
1978-10-01,0.92,1425.0,1506.0,4586.0,713.0
1978-11-01,0.93,1394.0,1481.0,4586.0,695.0
1978-12-01,0.96,1409.0,1533.0,4586.0,687.0
1979-01-01,1.02,1265.0,1659.0,4586.0,720.0
1979-02-01,1.05,1442.0,1944.0,4546.0,793.0
1979-03-01,1.1,1542.0,2050.0,4819.0,795.0
1979-04-01,1.11,1569.0,2100.0,5379.0,789.0
1979-05-01,1.15,1576.0,1926.0,5968.0,778.0
1979-06-01,1.17,1597.0,1878.0,6519.0,754.0
1979-07-01,1.2,1534.0,1814.0,6614.0,722.0
1979-08-01,1.24,1562.0,1976.0,6614.0,665.0
1979-09-01,1.24,1616.0,2096.0,6614.0,724.0
1979-10-01,1.28,1786.0,2076.0,6614.0,707.0
1979-11-01,1.29,1833.0,2090.0,6614.0,702.0
1979-12-01,1.31,1913.0,2214.0,6945.0,751.0
1980-01-01,1.37,2055.0,2601.0,6585.0,774.0
1980-02-01,1.42,2131.0,2918.0,6979.0,870.0
1980-03-01,1.46,1978.0,2306.0,6734.0,743.0
1980-04-01,1.51,1932.0,2070.0,6233.0,708.0
1980-05-01,1.56,1776.0,2037.0,6001.0,692.0
1980-06-01,1.57,1669.0,2006.0,6295.0,678.0
1980-07-01,1.64,1758.0,2176.0,6622.0,714.0
1980-08-01,1.64,1784.0,2082.0,6585.0,769.0
1980-09-01,1.69,1655.0,2060.0,6655.0,796.0
1980-10-01,1.71,1626.0,2040.0,6692.0,805.0
1980-11-01,1.76,1504.0,2010.0,6453.0,802.0
1980-12-01,1.74,1431.0,1879.0,6391.0,784.0
1981-01-01,1.77,1431.0,1869.0,6404.0,777.0
1981-02-01,1.81,1452.0,1801.0,6371.0,731.0
1981-03-01,1.86,1443.0,1818.0,6292.0,751.0
1981-04-01,1.93,1369.0,1821.0,6307.0,824.0
1981-05-01,1.95,1297.0,1742.0,6352.0,851.0
1981-06-01,1.95,1232.0,1700.0,6169.0,840.0
1981-07-01,2.01,1175.0,1682.0,6150.0,865.0
1981-08-01,2.02,1231.0,1787.0,5999.0,955.0
1981-09-01,2.08,1169.0,1710.0,5579.0,939.0
1981-10-01,2.11,1140.0,1666.0,5217.0,892.0
1981-11-01,2.15,1082.0,1651.0,5100.0,877.0
1981-12-01,2.16,1131.0,1655.0,5496.0,846.0
1982-01-01,2.23,1113.0,1611.0,5629.0,819.0
1982-02-01,2.3,1088.0,1598.0,5717.0,823.0
1982-03-01,2.35,1029.0,1510.0,5653.0,790.0
1982-04-01,2.4,996.0,1522.0,5394.0,743.0
1982-05-01,2.45,973.0,1528.0,5212.0,750.0
1982-06-01,2.45,919.0,1300.0,5187.0,692.0
1982-07-01,2.47,958.0,1441.0,5069.0,727.0
1982-08-01,2.53,959.0,1452.0,4953.0,716.0
1982-09-01,2.56,960.0,1427.0,4310.0,750.0
1982-10-01,2.6,952.0,1461.0,3917.0,751.0
1982-11-01,2.62,965.0,1444.0,3434.0,710.0
1982-12-01,2.62,987.0,1473.0,3576.0,669.0
1983-01-01,2.66,1077.0,1572.0,3797.0,699.0
1983-02-01,2.66,1230.0,1647.0,4228.0,681.0
1983-03-01,2.58,1302.0,1598.0,4832.0,678.0
1983-04-01,2.53,1364.0,1675.0,4818.0,698.0
1983-05-01,2.53,1453.0,1766.0,5032.0,736.0
1983-06-01,2.59,1466.0,1701.0,4883.0,718.0
1983-07-01,2.52,1520.0,1704.0,4804.0,740.0
1983-08-01,2.58,1604.0,1640.0,4853.0,809.0
1983-09-01,2.67,1614.0,1561.0,4911.0,838.0
1983-10-01,2.58,1566.0,1435.0,4674.0,859.0
1983-11-01,2.6,1517.0,1389.0,4585.0,859.0
1983-12-01,2.61,1549.0,1415.0,4657.0,857.0
1984-01-01,2.67,1549.0,1376.0,4671.0,958.0
1984-02-01,2.71,1491.0,1430.0,4640.0,998.0
1984-03-01,2.67,1456.0,1501.0,4781.0,1041.0
1984-04-01,2.64,1370.0,1533.0,4912.0,1004.0
1984-05-01,2.67,1289.0,1421.0,4811.0,1001.0
1984-06-01,2.7,1275.0,1367.0,4773.0,942.0
1984-07-01,2.68,1163.0,1331.0,4640.0,854.0
1984-08-01,2.69,1136.0,1338.0,4736.0,834.0
1984-09-01,2.62,1012.0,1294.0,4706.0,873.0
1984-10-01,2.63,1028.0,1273.0,4750.0,844.0
1984-11-01,2.61,1152.0,1345.0,4748.0,855.0
1984-12-01,2.57,1095.0,1321.0,4859.0,860.0
1985-01-01,2.64,1075.0,1359.0,4947.0,867.0
1985-02-01,2.71,1098.0,1389.0,5051.0,887.0
1985-03-01,2.62,1095.0,1390.0,5212.0,921.0
1985-04-01,2.64,1106.0,1502.0,5490.0,931.0
1985-05-01,2.53,1105.0,1531.0,5604.0,881.0
1985-06-01,2.58,1032.0,1432.0,5553.0,808.0
1985-07-01,2.51,1012.0,1475.0,5091.0,767.0
1985-08-01,2.47,1019.0,1420.0,4908.0,735.0
1985-09-01,2.42,985.0,1366.0,4570.0,690.0
1985-10-01,2.37,971.0,1385.0,4240.0,632.0
1985-11-01,2.36,950.0,1370.0,4035.0,598.0
1985-12-01,2.28,1039.0,1391.0,4090.0,685.0
1986-01-01,2.28,1119.0,1418.0,4035.0,644.0
1986-02-01,2.26,1115.0,1406.0,3988.0,609.0
1986-03-01,2.16,1168.0,1445.0,4123.0,626.0
1986-04-01,2.1,1164.0,1435.0,3999.0,660.0
1986-05-01,1.96,1164.0,1419.0,4043.0,707.0
1986-06-01,1.85,1183.0,1413.0,4087.0,804.0
1986-07-01,1.8,1123.0,1344.0,3911.0,807.0
1986-08-01,1.77,1129.0,1303.0,3807.0,816.0
1986-09-01,1.78,1206.0,1347.0,3724.0,871.0
1986-10-01,1.73,1162.0,1317.0,3644.0,886.0
1986-11-01,1.77,1132.0,1303.0,3642.0,820.0
1986-12-01,1.76,1133.0,1336.0,3572.0,798.0
1987-01-01,1.74,1171.0,1346.0,3525.0,760.0
1987-02-01,1.73,1283.0,1380.0,3717.0,740.0
1987-03-01,1.73,1367.0,1466.0,3772.0,732.0
1987-04-01,1.69,1401.0,1484.0,3898.0,762.0
1987-05-01,1.65,1412.0,1520.0,4436.0,839.0
1987-06-01,1.65,1472.0,1572.0,4436.0,878.0
1987-07-01,1.66,1653.0,1695.0,4753.0,830.0
1987-08-01,1.63,1810.0,1756.0,5307.0,804.0
1987-09-01,1.56,1746.0,1811.0,5333.0,757.0
1987-10-01,1.57,1963.0,1967.0,5692.0,770.0
1987-11-01,1.64,1681.0,2524.0,5937.0,848.0
1987-12-01,1.7,1824.0,2869.0,7661.0,866.0
1988-01-01,1.96,2002.0,2663.0,8073.0,879.0
1988-02-01,1.84,2138.0,2330.0,8667.0,876.0
1988-03-01,1.7,2526.0,2359.0,15497.0,982.0
1988-04-01,1.59,2508.0,2286.0,18012.0,1069.0
1988-05-01,1.52,2988.0,2448.0,17025.0,1177.0
1988-06-01,1.53,3578.0,2540.0,15590.0,1365.0
1988-07-01,1.56,2582.0,2214.0,14591.0,1237.0
1988-08-01,1.62,2701.0,2201.0,14187.0,1309.0
1988-09-01,1.53,2387.0,2436.0,11878.0,1330.0
1988-10-01,1.68,2309.0,2940.0,11558.0,1520.0
1988-11-01,1.76,2382.0,3305.0,13342.0,1559.0
1988-12-01,1.89,2503.0,3499.0,16920.0,1594.0
1989-01-01,1.78,2398.0,3394.0,17725.0,1734.0
1989-02-01,1.71,2183.0,3097.0,18524.0,1932.0
1989-03-01,1.49,2074.0,3264.0,17157.0,1962.0
1989-04-01,1.53,2126.0,3118.0,15261.0,1656.0
1989-05-01,1.66,2259.0,2739.0,13454.0,1628.0
1989-06-01,1.7,1914.0,2546.0,12143.0,1539.0
1989-07-01,1.64,1756.0,2505.0,12275.0,1617.0
1989-08-01,1.58,1798.0,2762.0,12910.0,1730.0
1989-09-01,1.53,1718.0,2884.0,11222.0,1629.0
1989-10-01,1.6,1820.0,2861.0,10425.0,1585.0
1989-11-01,1.9,1736.0,2591.0,9793.0,1438.0
1989-12-01,2.24,1633.0,2419.0,8809.0,1455.0
1990-01-01,2.39,1528.0,2367.0,7056.0,1297.0
1990-02-01,1.9,1454.0,2360.0,6977.0,1397.0
1990-03-01,1.55,1567.0,2626.0,9267.0,1607.0
1990-04-01,1.49,1526.0,2686.0,8940.0,1686.0
1990-05-01,1.47,1527.0,2742.0,8698.0,1775.0
1990-06-01,1.47,1566.0,2585.0,8422.0,1715.0
1990-07-01,1.41,1571.0,2769.0,9318.0,1637.0
1990-08-01,1.36,1782.0,2957.0,10957.0,1615.0
1990-09-01,1.44,2067.0,3031.0,10844.0,1538.0
1990-10-01,1.69,1946.0,2744.0,9145.0,1353.0
1990-11-01,2.1,1618.0,2586.0,8587.0,1278.0
1990-12-01,2.11,1522.0,2485.0,8158.0,1265.0
1991-01-01,1.67,1515.0,2449.0,8569.0,1206.0
1991-02-01,1.36,1505.0,2449.0,8672.0,1188.0
1991-03-01,1.34,1496.0,2410.0,8701.0,1199.0
1991-04-01,1.33,1392.0,2472.0,9021.0,1253.0
1991-05-01,1.31,1296.0,2306.0,8452.0,1091.0
1991-06-01,1.2,1275.0,2219.0,8280.0,1062.0
1991-07-01,1.19,1297.0,2236.0,8541.0,1063.0
1991-08-01,1.31,1256.0,2233.0,8145.0,1046.0
1991-09-01,1.63,1212.0,2325.0,7681.0,1023.0
1991-10-01,1.77,1150.0,2364.0,7443.0,992.0
1991-11-01,1.81,1135.0,2380.0,7245.0,1093.0
1991-12-01,1.92,1098.0,2223.0,7118.0,1188.0
1992-01-01,1.28,1177.0,2139.0,7517.0,1154.0
1992-02-01,1.21,1267.0,2206.0,7862.0,1131.0
1992-03-01,1.28,1280.0,2227.0,7418.0,1215.0
1992-04-01,1.47,1317.0,2215.0,7421.0,1304.0
1992-05-01,1.59,1307.0,2217.0,7327.0,1373.0
1992-06-01,1.56,1276.0,2299.0,7193.0,1385.0
1992-07-01,1.75,1313.0,2520.0,7498.0,1320.0
1992-08-01,1.97,1305.0,2522.0,7268.0,1360.0
1992-09-01,2.33,1270.0,2414.0,6918.0,1367.0
1992-10-01,2.42,1174.0,2249.0,6305.0,1164.0
1992-11-01,2.24,1159.0,2158.0,5565.0,1047.0
1992-12-01,2.16,1207.0,2207.0,5724.0,1058.0
1993-01-01,1.88,1207.0,2257.0,5931.0,1061.0
1993-02-01,1.69,1202.0,2213.0,6039.0,1072.0
1993-03-01,2.18,1151.0,2153.0,5971.0,996.0
1993-04-01,2.35,1109.0,1950.0,5972.0,1005.0
1993-05-01,2.17,1124.0,1795.0,5763.0,980.0
1993-06-01,1.97,1165.0,1853.0,5532.0,926.0
1993-07-01,2.06,1202.0,1927.0,5036.0,928.0
1993-08-01,2.26,1172.0,1947.0,4722.0,884.0
1993-09-01,2.27,1115.0,1862.0,4353.0,874.0
1993-10-01,2.02,1087.0,1646.0,4449.0,915.0
1993-11-01,2.26,1040.0,1630.0,4634.0,928.0
1993-12-01,2.34,1094.0,1724.0,5119.0,974.0
1994-01-01,2.34,1175.0,1805.0,5578.0,997.0
1994-02-01,2.71,1270.0,1866.0,5825.0,969.0
1994-03-01,2.21,1289.0,1915.0,5588.0,936.0
1994-04-01,2.04,1279.0,1882.0,5408.0,924.0
1994-05-01,1.92,1323.0,2151.0,6087.0,956.0
1994-06-01,1.9,1401.0,2364.0,6282.0,966.0
1994-07-01,1.96,1492.0,2458.0,6227.0,964.0
1994-08-01,1.66,1455.0,2406.0,5860.0,945.0
1994-09-01,1.49,1569.0,2506.0,6365.0,992.0
1994-10-01,1.51,1698.0,2548.0,6748.0,1059.0
1994-11-01,1.58,1893.0,2802.0,7556.0,1152.0
1994-12-01,1.72,1878.0,2985.0,8556.0,1114.0
1995-01-01,1.51,2061.0,3009.0,9593.0,1157.0
1995-02-01,1.58,1916.0,2878.0,8505.0,1032.0
1995-03-01,1.54,1805.0,2924.0,7532.0,1022.0
1995-04-01,1.62,1849.0,2904.0,7398.0,1061.0
1995-05-01,1.64,1763.0,2773.0,7232.0,1036.0
1995-06-01,1.62,1780.0,2995.0,7872.0,1010.0
1995-07-01,1.44,1860.0,3076.0,8597.0,1027.0
1995-08-01,1.56,1888.0,3037.0,8945.0,1014.0
1995-09-01,1.64,1761.0,2916.0,8405.0,986.0
1995-10-01,1.77,1674.0,2814.0,8062.0,979.0
1995-11-01,2.04,1654.0,2977.0,8506.0,1031.0
1995-12-01,2.71,1657.0,2926.0,8091.0,1018.0
1996-01-01,2.93,1589.0,2616.0,7862.0,1019.0
1996-02-01,4.4,1592.0,2538.0,8216.0,1036.0
1996-03-01,2.95,1612.0,2561.0,8022.0,1064.0
1996-04-01,2.23,1587.0,2596.0,8043.0,1045.0
1996-05-01,2.24,1589.0,2658.0,8027.0,1036.0
1996-06-01,2.49,1482.0,2173.0,7709.0,1009.0
1996-07-01,2.48,1459.0,1986.0,7204.0,1000.0
1996-08-01,2.03,1463.0,2009.0,7054.0,1007.0
1996-09-01,1.84,1407.0,1941.0,7318.0,1000.0
1996-10-01,2.37,1336.0,1961.0,7031.0,1003.0
1996-11-01,3.03,1450.0,2231.0,6943.0,1047.0
1996-12-01,3.82,1500.0,2268.0,6581.0,1036.0
1997-01-01,3.31,1576.0,2435.0,7072.0,1087.0
1997-02-01,2.22,1580.0,2406.0,7735.0,1179.0
1997-03-01,1.89,1632.0,2421.0,7896.0,1255.0
1997-04-01,2.03,1561.0,2391.0,7316.0,1240.0
1997-05-01,2.24,1625.0,2514.0,7483.0,1311.0
1997-06-01,2.2,1568.0,2613.0,7062.0,1354.0
1997-07-01,2.19,1592.0,2450.0,6836.0,1518.0
1997-08-01,2.47,1711.0,2251.0,6761.0,1654.0
1997-09-01,2.84,1611.0,2107.0,6504.0,1641.0
1997-10-01,3.04,1608.0,2052.0,6380.0,1280.0
1997-11-01,3.02,1599.0,1917.0,6140.0,1173.0
1997-12-01,2.33,1531.0,1762.0,5945.0,1102.0
1998-01-01,2.1,1486.0,1688.0,5492.0,1097.0
1998-02-01,2.22,1466.0,1665.0,5387.0,1044.0
1998-03-01,2.23,1438.0,1748.0,5396.0,1048.0
1998-04-01,2.42,1418.0,1801.0,5394.0,1097.0
1998-05-01,2.14,1365.0,1733.0,5020.0,1061.0
1998-06-01,2.17,1307.0,1661.0,4476.0,1010.0
1998-07-01,2.17,1309.0,1651.0,4325.0,1040.0
1998-08-01,1.85,1311.0,1621.0,4081.0,1030.0
1998-09-01,2.01,1342.0,1648.0,4102.0,1000.0
1998-10-01,1.89,1304.0,1586.0,3872.0,941.0
1998-11-01,2.1,1295.0,1574.0,4132.0,967.0
1998-12-01,1.74,1249.0,1474.0,3878.0,959.0
1999-01-01,1.86,1218.0,1431.0,4269.0,933.0
1999-02-01,1.77,1187.0,1411.0,4626.0,1017.0
1999-03-01,1.79,1182.0,1378.0,5011.0,1030.0
1999-04-01,2.15,1278.0,1466.0,5103.0,1019.0
1999-05-01,2.25,1323.0,1511.0,5399.0,1040.0
1999-06-01,2.3,1315.0,1422.0,5195.0,1001.0
1999-07-01,2.31,1404.0,1640.0,5700.0,1072.0
1999-08-01,2.79,1431.0,1648.0,6449.0,1131.0
1999-09-01,2.54,1492.0,1750.0,7028.0,1194.0
1999-10-01,2.72,1474.0,1724.0,7321.0,1149.0
1999-11-01,2.36,1473.0,1728.0,7950.0,1147.0
1999-12-01,2.36,1554.0,1765.0,8083.0,1184.0
2000-01-01,2.42,1680.0,1844.0,8310.0,1179.0
2000-02-01,2.65,1670.0,1801.0,9653.0,1095.0
2000-03-01,2.79,1577.0,1739.0,10280.0,1116.0
2000-04-01,3.03,1457.0,1679.0,9728.0,1128.0
2000-05-01,3.58,1467.0,1786.0,10130.0,1157.0
2000-06-01,4.28,1506.0,1753.0,8411.0,1118.0
2000-07-01,3.96,1564.0,1799.0,8164.0,1136.0
2000-08-01,4.41,1528.0,1856.0,8007.0,1170.0
2000-09-01,5.06,1601.0,1960.0,8638.0,1224.0
2000-10-01,5.02,1500.0,1899.0,7678.0,1096.0
2000-11-01,5.55,1474.0,1795.0,7340.0,1059.0
2000-12-01,8.95,1565.0,1851.0,7314.0,1060.0
2001-01-01,8.17,1616.0,1788.0,6995.0,1033.0
2001-02-01,5.63,1604.0,1766.0,6524.0,1021.0
2001-03-01,5.16,1509.0,1739.0,6134.0,1005.0
2001-04-01,5.17,1497.0,1664.0,6330.0,969.0
2001-05-01,4.21,1539.0,1682.0,7061.0,938.0
2001-06-01,3.71,1466.0,1608.0,6641.0,895.0
2001-07-01,3.1,1416.0,1525.0,5937.0,852.0
2001-08-01,2.95,1377.0,1464.0,5521.0,828.0
2001-09-01,2.15,1345.0,1426.0,5027.0,799.0
2001-10-01,2.45,1283.0,1377.0,4825.0,762.0
2001-11-01,2.36,1327.0,1428.0,5078.0,773.0
2001-12-01,2.41,1345.0,1472.0,5264.0,755.0
2002-01-01,2.25,1369.0,1504.0,6043.0,793.0
2002-02-01,2.31,1369.0,1562.0,6029.0,771.0
2002-03-01,3.03,1405.0,1605.0,6538.0,819.0
2002-04-01,3.42,1370.0,1590.0,6958.0,808.0
2002-05-01,3.49,1343.0,1596.0,6761.0,770.0
2002-06-01,3.22,1354.0,1648.0,7120.0,767.0
2002-07-01,2.98,1338.0,1589.0,7143.0,795.0
2002-08-01,3.09,1292.0,1480.0,6717.0,748.0
2002-09-01,3.57,1301.0,1479.0,6640.0,756.0
2002-10-01,4.12,1311.0,1484.0,6804.0,755.0
2002-11-01,4.04,1372.0,1582.0,7314.0,765.0
2002-12-01,4.74,1375.0,1596.0,7193.0,798.0
2003-01-01,5.41,1378.0,1648.0,8026.0,781.0
2003-02-01,7.77,1422.0,1684.0,8623.0,785.0
2003-03-01,5.95,1389.0,1659.0,8379.0,791.0
2003-04-01,5.29,1332.0,1587.0,7910.0,755.0
2003-05-01,5.84,1398.0,1648.0,8331.0,776.0
2003-06-01,5.77,1410.0,1687.0,8875.0,791.0
2003-07-01,5.01,1436.0,1710.0,8797.0,828.0
2003-08-01,4.97,1456.0,1760.0,9351.0,818.0
2003-09-01,4.61,1416.0,1790.0,9965.0,818.0
2003-10-01,4.64,1474.0,1921.0,11047.0,898.0
2003-11-01,4.53,1508.0,2055.0,12087.0,915.0
2003-12-01,6.13,1555.0,2201.0,14163.0,978.0
2004-01-01,6.09,1606.0,2424.0,15327.0,1017.0
2004-02-01,5.38,1686.0,2760.0,15145.0,1088.0
2004-03-01,5.4,1656.0,3009.0,13715.0,1106.0
2004-04-01,5.72,1730.0,2949.0,12848.0,1033.0
2004-05-01,6.34,1623.0,2734.0,11118.0,1028.0
2004-06-01,6.27,1678.0,2687.0,13534.0,1021.0
2004-07-01,5.93,1709.0,2808.0,15023.0,988.0
2004-08-01,5.4,1692.0,2846.0,13680.0,976.0
2004-09-01,5.14,1724.0,2895.0,13271.0,975.0
2004-10-01,6.41,1820.0,3012.0,14404.0,1065.0
2004-11-01,6.09,1814.0,3123.0,14045.0,1096.0
2004-12-01,6.58,1849.0,3145.0,13769.0,1180.0
2005-01-01,6.15,1834.0,3170.0,14505.0,1246.0
2005-02-01,6.14,1883.0,3254.0,15350.0,1326.0
2005-03-01,6.97,1980.0,3379.0,16191.0,1372.0
2005-04-01,7.15,1894.0,3394.0,16142.0,1300.0
2005-05-01,6.47,1744.0,3249.0,16932.0,1244.0
2005-06-01,7.19,1731.0,3524.0,16160.0,1276.0
2005-07-01,7.63,1779.0,3614.0,14581.0,1194.0
2005-08-01,9.63,1868.0,3798.0,14893.0,1298.0
2005-09-01,12.88,1840.0,3858.0,14228.0,1398.0
2005-10-01,13.52,1929.0,4060.0,12403.0,1488.0
2005-11-01,10.43,2051.0,4269.0,12116.0,1611.0
2005-12-01,12.83,2247.0,4577.0,13429.0,1822.0
2006-01-01,8.66,2378.0,4734.0,14555.0,2090.0
2006-02-01,7.49,2455.0,4982.0,14979.0,2219.0
2006-03-01,6.9,2429.0,5103.0,14897.0,2417.0
2006-04-01,7.09,2621.0,6388.0,17942.0,3085.0
2006-05-01,6.2,2861.0,8046.0,21077.0,3566.0
2006-06-01,6.19,2477.0,7198.0,20755.0,3226.0
2006-07-01,6.25,2513.0,7712.0,26586.0,3340.0
2006-08-01,7.0,2460.0,7696.0,30744.0,3347.0
2006-09-01,4.86,2473.0,7602.0,30131.0,3403.0
2006-10-01,5.96,2655.0,7500.0,32703.0,3823.0
2006-11-01,7.45,2703.0,7029.0,32114.0,4382.0
2006-12-01,6.58,2814.0,6675.0,34570.0,4405.0
2007-01-01,6.58,2809.0,5670.0,36811.0,3787.0
2007-02-01,7.97,2832.0,5676.0,41184.0,3310.0
2007-03-01,7.12,2762.0,6452.0,46325.0,3271.0
2007-04-01,7.59,2815.0,7766.0,50267.0,3557.0
2007-05-01,7.61,2793.0,7681.0,52179.0,3831.0
2007-06-01,7.3,2677.0,7474.0,41719.0,3603.0
2007-07-01,6.22,2732.0,7973.0,33426.0,3546.0
2007-08-01,6.2,2516.0,7514.0,27652.0,3253.0
2007-09-01,6.1,2391.0,7649.0,29538.0,2881.0
2007-10-01,6.8,2442.0,8008.0,31055.0,2975.0
2007-11-01,7.14,2507.0,6967.0,30610.0,2541.0
2007-12-01,7.15,2382.0,6588.0,25992.0,2353.0
2008-01-01,8.0,2446.0,7061.0,27690.0,2340.0
2008-02-01,8.55,2777.0,7888.0,27955.0,2438.0
2008-03-01,9.4,3005.0,8439.0,31225.0,2511.0
2008-04-01,10.13,2959.0,8685.0,28763.0,2264.0
2008-05-01,11.23,2903.0,8383.0,25735.0,2182.0
2008-06-01,12.68,2958.0,8261.0,22549.0,1894.0
2008-07-01,11.15,3071.0,8414.0,20160.0,1852.0
2008-08-01,8.25,2764.0,7635.0,18928.0,1723.0
2008-09-01,7.69,2526.0,6991.0,17795.0,1735.0
2008-10-01,6.73,2121.0,4926.0,12140.0,1302.0
2008-11-01,6.67,1852.0,3717.0,10702.0,1153.0
2008-12-01,5.79,1490.0,3072.0,9686.0,1101.0
2009-01-01,5.24,1413.0,3221.0,11307.0,1187.0
2009-02-01,4.52,1330.0,3315.0,10409.0,1112.0
2009-03-01,3.95,1336.0,3750.0,9696.0,1217.0
2009-04-01,3.5,1421.0,4407.0,11166.0,1379.0
2009-05-01,3.81,1460.0,4569.0,12635.0,1484.0
2009-06-01,3.8,1574.0,5014.0,14960.0,1557.0
2009-07-01,3.39,1668.0,5216.0,15985.0,1579.0
2009-08-01,3.15,1934.0,6165.0,19642.0,1822.0
2009-09-01,2.96,1834.0,6196.0,17473.0,1884.0
2009-10-01,4.02,1879.0,6288.0,18525.0,2072.0
2009-11-01,3.69,1949.0,6676.0,16991.0,2193.0
2009-12-01,5.37,2180.0,6982.0,17066.0,2376.0
2010-01-01,5.81,2235.0,7386.0,18439.0,2434.0
2010-02-01,5.34,2049.0,6848.0,18976.0,2157.0
2010-03-01,4.29,2206.0,7463.0,22461.0,2275.0
2010-04-01,4.01,2317.0,7745.0,26031.0,2367.0
2010-05-01,4.16,2041.0,6838.0,22008.0,1968.0
2010-06-01,4.79,1931.0,6499.0,19389.0,1743.0
2010-07-01,4.63,1988.0,6735.0,19518.0,1844.0
2010-08-01,4.31,2118.0,7284.0,21413.0,2045.0
2010-09-01,3.9,2162.0,7709.0,22643.0,2151.0
2010-10-01,3.43,2347.0,8292.0,23807.0,2372.0
2010-11-01,3.73,2333.0,8470.0,22909.0,2292.0
2010-12-01,4.24,2351.0,9147.0,24111.0,2281.0
2011-01-01,4.49,2440.0,9556.0,25646.0,2372.0
2011-02-01,4.07,2508.0,9868.0,28252.0,2465.0
2011-03-01,3.97,2556.0,9503.0,26710.0,2341.0
2011-04-01,4.24,2678.0,9493.0,26408.0,2362.0
2011-05-01,4.31,2596.0,8960.0,24237.0,2167.0
2011-06-01,4.55,2558.0,9067.0,22421.0,2234.0
2011-07-01,4.41,2525.0,9650.0,23848.0,2398.0
2011-08-01,4.05,2379.0,9001.0,21845.0,2200.0
2011-09-01,3.9,2293.0,8300.0,20378.0,2075.0
2011-10-01,3.57,2181.0,7394.0,19039.0,1871.0
2011-11-01,3.24,2080.0,7581.0,17873.0,1935.0
2011-12-01,3.16,2022.0,7565.0,18267.0,1905.0
2012-01-01,2.68,2144.0,8040.0,19855.0,1982.0
2012-02-01,2.52,2208.0,8441.0,20394.0,2058.0
2012-03-01,2.17,2184.0,8471.0,18661.0,2036.0
2012-04-01,1.95,2050.0,8289.0,17940.0,2002.0
2012-05-01,2.44,2008.0,7956.0,17068.0,1936.0
2012-06-01,2.46,1890.0,7423.0,16549.0,1859.0
2012-07-01,2.95,1876.0,7584.0,16128.0,1848.0
2012-08-01,2.84,1845.0,7516.0,15735.0,1818.0
2012-09-01,2.84,2064.0,8088.0,17288.0,2010.0
2012-10-01,3.32,1974.0,8062.0,17169.0,1904.0
2012-11-01,3.54,1949.0,7711.0,16335.0,1912.0
2012-12-01,3.34,2087.0,7966.0,17449.0,2040.0
2013-01-01,3.33,2038.0,8047.0,17473.0,2032.0
2013-02-01,3.33,2054.0,8061.0,17690.0,2129.0
2013-03-01,3.81,1910.0,7646.0,16725.0,1926.0
2013-04-01,4.17,1862.0,7234.0,15673.0,1856.0
2013-05-01,4.04,1832.0,7249.0,14948.0,1832.0
2013-06-01,3.83,1815.0,7000.0,14280.0,1839.0
2013-07-01,3.62,1770.0,6907.0,13750.0,1838.0
2013-08-01,3.43,1818.0,7193.0,14315.0,1899.0
2013-09-01,3.62,1761.0,7159.0,13801.0,1847.0
2013-10-01,3.67,1815.0,7203.0,14118.0,1885.0
2013-11-01,3.62,1748.0,7071.0,13684.0,1866.0
2013-12-01,4.24,1740.0,7215.0,13925.0,1975.0
2014-01-01,4.7,1727.0,7291.0,14101.0,2037.0
2014-02-01,5.97,1695.0,7149.0,14204.0,2035.0
2014-03-01,4.88,1705.0,6650.0,15678.0,2008.0
2014-04-01,4.63,1811.0,6674.0,17374.0,2027.0
2014-05-01,4.56,1751.0,6891.0,19401.0,2059.0
2014-06-01,4.57,1839.0,6821.0,18629.0,2128.0
2014-07-01,4.01,1948.0,7113.0,19118.0,2311.0
2014-08-01,3.88,2030.0,7002.0,18600.0,2327.0
2014-09-01,3.92,1990.0,6872.0,18035.0,2295.0
2014-10-01,3.77,1946.0,6737.0,15812.0,2277.0
2014-11-01,4.1,2056.0,6713.0,15807.0,2253.0
2014-12-01,3.43,1909.0,6446.0,15962.0,2176.0
2015-01-01,2.97,1815.0,5831.0,14849.0,2113.0
2015-02-01,2.85,1818.0,5729.0,14574.0,2098.0
2015-03-01,2.8,1774.0,5940.0,13756.0,2029.0
2015-04-01,2.58,1819.0,6042.0,12831.0,2213.0
2015-05-01,2.84,1804.0,6295.0,13511.0,2282.0
2015-06-01,2.77,1688.0,5833.0,12825.0,2082.0
2015-07-01,2.83,1640.0,5457.0,11413.0,2001.0
2015-08-01,2.76,1548.0,5127.0,10386.0,1808.0
2015-09-01,2.65,1590.0,5217.0,9938.0,1720.0
2015-10-01,2.32,1516.0,5216.0,10317.0,1724.0
2015-11-01,2.08,1468.0,4800.0,9244.0,1583.0
2015-12-01,1.92,1497.0,4639.0,8708.0,1528.0
2016-01-01,2.27,1481.0,4472.0,8507.0,1520.0
2016-02-01,1.96,1531.0,4599.0,8299.0,1710.0
2016-03-01,1.7,1531.0,4954.0,8717.0,1802.0
2016-04-01,1.9,1571.0,4873.0,8879.0,1855.0
2016-05-01,1.92,1551.0,4695.0,8660.0,1869.0
2016-06-01,2.57,1594.0,4642.0,8928.0,2026.0
2016-07-01,2.79,1629.0,4865.0,10263.0,2183.0
2016-08-01,2.79,1639.0,4752.0,10336.0,2279.0
2016-09-01,2.97,1592.0,4722.0,10192.0,2292.0
2016-10-01,2.95,1666.0,4731.0,10260.0,2312.0
2016-11-01,2.5,1737.0,5451.0,11129.0,2566.0
2016-12-01,3.58,1728.0,5660.0,10972.0,2665.0
2017-01-01,3.26,1791.0,5755.0,9971.0,2715.0
2017-02-01,2.82,1861.0,5941.0,10643.0,2846.0
2017-03-01,2.89,1901.0,5825.0,10205.0,2777.0
2017-04-01,3.08,1921.0,5684.0,9609.0,2615.0
2017-05-01,3.12,1913.0,5600.0,9155.0,2590.0
2017-06-01,2.94,1885.0,5720.0,8932.0,2573.0
2017-07-01,2.96,1903.0,5985.0,9491.0,2787.0
2017-08-01,2.88,2030.0,6486.0,10890.0,2981.0
2017-09-01,2.96,2096.0,6577.0,11216.0,3117.0
2017-10-01,2.86,2131.0,6808.0,11336.0,3265.0
2017-11-01,2.99,2097.0,6827.0,11972.0,3229.0
2017-12-01,2.76,2080.0,6834.0,11495.0,3196.0
2018-01-01,3.86,2210.0,7066.0,12865.0,3442.0
2018-02-01,2.67,2182.0,7007.0,13596.0,3533.0
2018-03-01,2.7,2069.0,6799.0,13393.0,3269.0
2018-04-01,2.78,2255.0,6852.0,13938.0,3188.0
2018-05-01,2.8,2300.0,6825.0,14366.0,3060.0
2018-06-01,2.95,2238.0,6966.0,15106.0,3089.0
2018-07-01,2.83,2082.0,6251.0,13794.0,2656.0
2018-08-01,2.96,2052.0,6051.0,13411.0,2512.0
2018-09-01,2.98,2026.0,6051.0,12510.0,2435.0
2018-10-01,3.28,2030.0,6220.0,12315.0,2674.0
2018-11-01,4.13,1939.0,6196.0,11240.0,2596.0
2018-12-01,3.98,1920.0,6075.0,10835.0,2616.0
2019-01-01,3.08,1854.0,5939.0,11523.0,2570.0
2019-02-01,2.72,1863.0,6300.0,12685.0,2707.0
2019-03-01,2.94,1871.0,6439.0,13026.0,2851.0
2019-04-01,2.65,1845.0,6438.0,12773.0,2933.0
2019-05-01,2.63,1781.0,6018.0,12016.0,2743.0
2019-06-01,2.4,1756.0,5882.0,11944.0,2601.0
2019-07-01,2.36,1797.0,5941.0,13546.0,2447.0
2019-08-01,2.22,1741.0,5709.0,15749.0,2273.0
2019-09-01,2.58,1754.0,5759.0,17657.0,2332.0
2019-10-01,2.33,1726.0,5757.0,17046.0,2452.0
2019-11-01,2.65,1775.0,5860.0,15172.0,2425.0
2019-12-01,2.24,1771.0,6077.0,13829.0,2273.0
2020-01-01,2.03,1773.0,6031.0,13507.0,2354.0
2020-02-01,1.92,1688.0,5688.0,12716.0,2113.0
2020-03-01,1.79,1611.0,5183.0,11846.0,1904.0
2020-04-01,1.74,1460.0,5058.0,11804.0,1903.0
2020-05-01,1.75,1466.0,5240.0,12180.0,1975.0
2020-06-01,1.61,1569.0,5755.0,12727.0,2026.0
2020-07-01,1.74,1644.0,6372.0,13402.0,2177.0
2020-08-01,2.3,1737.0,6499.0,14538.0,2410.0
2020-09-01,1.92,1744.0,6705.0,14857.0,2442.0
2020-10-01,2.25,1806.0,6714.0,15239.0,2441.0
2020-11-01,2.59,1935.0,7069.0,15808.0,2672.0
2020-12-01,2.54,2015.0,7772.0,16823.0,2780.0
2021-01-01,2.67,2004.0,7972.0,17863.0,2705.0
2021-02-01,5.07,2079.0,8471.0,18584.0,2745.0
2021-03-01,2.56,2190.0,8988.0,16407.0,2792.0
2021-04-01,2.61,2319.0,9325.0,16521.0,2829.0
2021-05-01,2.89,2434.0,10162.0,17577.0,2966.0
2021-06-01,3.23,2447.0,9632.0,17980.0,2952.0
2021-07-01,3.8,2498.0,9451.0,18819.0,2948.0
2021-08-01,4.05,2603.0,9370.0,19141.0,2988.0
2021-09-01,5.11,2835.0,9325.0,19377.0,3036.0
2021-10-01,5.48,2934.0,9829.0,19362.0,3360.0
2021-11-01,5.02,2636.0,9729.0,19933.0,3311.0
2021-12-01,3.73,2696.0,9551.0,20016.0,3399.0
2022-01-01,4.33,3006.0,9782.0,22355.0,3599.0
2022-02-01,4.66,3246.0,9943.0,24016.0,3620.0
2022-03-01,4.88,3498.0,10231.0,33924.0,3962.0
2022-04-01,6.53,3244.0,10161.0,33133.0,4360.0
2022-05-01,8.14,2830.0,9377.0,28063.0,3751.0
2022-06-01,7.67,2563.0,9024.0,25659.0,3630.0
2022-07-01,7.26,2408.0,7545.0,21482.0,3105.0
2022-08-01,8.79,2431.0,7982.0,22057.0,3588.0
2022-09-01,7.76,2225.0,7746.0,22774.0,3125.0
2022-10-01,5.62,2256.0,7651.0,22033.0,2967.0
2022-11-01,5.28,2351.0,8050.0,25563.0,2939.0
2022-12-01,5.5,2402.0,8375.0,28947.0,3129.0
2023-01-01,3.27,2502.0,9038.0,28195.0,3310.0
2023-02-01,2.38,2416.0,8937.0,26728.0,3134.0
2023-03-01,2.3,2296.0,8856.0,23289.0,2967.0
2023-04-01,2.16,2343.0,8809.0,23895.0,2768.0
2023-05-01,2.15,2269.0,8217.0,21970.0,2476.0
2023-06-01,2.18,2185.0,8397.0,21233.0,2375.0
2023-07-01,2.55,2160.0,8477.0,21091.0,2405.0
2023-08-01,2.58,2137.0,8349.0,20439.0,2407.0
2023-09-01,2.64,2185.0,8277.0,19645.0,2496.0
2023-10-01,2.99,2192.0,7937.0,18281.0,2449.0
2023-11-01,2.71,2202.0,8190.0,17027.0,2544.0
2023-12-01,2.53,2182.0,8400.0,16461.0,2502.0
2024-01-01,3.18,2193.0,8339.0,16104.0,2515.0
2024-02-01,1.72,2179.0,8305.0,16338.0,2360.0
2024-03-01,1.5,2226.0,8689.0,17439.0,2461.0
2024-04-01,1.6,2506.0,9464.0,18164.0,2733.0
2024-05-01,2.13,2565.0,10139.0,19587.0,2959.0
2024-06-01,2.51,2498.0,9648.0,17498.0,2809.0
2024-07-01,2.08,2349.0,9385.0,16335.0,2777.0
2024-08-01,1.99,2344.0,8972.0,16292.0,2714.0
2024-09-01,2.25,2450.0,9237.0,16077.0,2837.0
2024-10-01,2.21,2596.0,9534.0,16766.0,3106.0
2024-11-01,2.1,2582.0,9076.0,15723.0,3004.0
2024-12-01,3.02,2541.0,8916.0,15445.0,3034.0
2025-01-01,4.1,2573.0,8991.0,15394.0,2819.0
2025-02-01,4.22,2658.0,9331.0,15288.0,2800.0
2025-03-01,4.13,2658.0,9740.0,16066.0,2889.0
2025-04-01,3.4,2372.0,9177.0,15113.0,2622.0
2025-05-01,3.12,2449.0,9533.0,15346.0,2644.0
2025-06-01,3.02,2526.0,9835.0,15003.0,2655.0
2025-07-01,3.19,2606.0,9771.0,15034.0,2763.0
2025-08-01,2.91,2597.0,9670.0,14949.0,2789.0
2025-09-01,2.97,2653.0,9984.0,15106.0,2933.0
2025-10-01,3.2,2793.0,10740.0,15092.0,3152.0
2025-11-01,3.79,2819.0,10812.0,14671.0,3177.0
2025-12-01,4.25,2876.0,11785.0,14884.0,3168.0
2026-01-01,7.58,3142.0,13012.0,17769.0,3213.0
2026-02-01,3.61,3065.0,12951.0,17173.0,3324.0
2026-03-01,3.06,3373.0,12529.0,17076.0,3182.0
2026-04-01,2.77,3600.0,12951.0,17962.0,3364.0
2026-05-01,2.93,3666.0,13543.0,18806.0,3482.0
2026-06-01,3.15,3439.0,13552.0,17588.0,3539.0
2026-07-01,2.89,3161.0,13543.0,16651.0,3599.0
2026-08-01,2.77,3251.0,14326.0,16751.0,3875.0
